# Drivers table
INSERT INTO `tblDrivers` (`DriverID`, `FirstName`, `LastName`, `ShiftTime`) VALUES
(1, 'Anna', 'Dapter', 'Morning'),
(2, 'Will', 'Aldridge', 'Afternoon'),
(3, 'Tyler', 'Scott-Edwards', 'Morning'),
(4, 'Ruby', 'Sharp', 'Afternoon'),
(5, 'Evie', 'Taddeo', 'Morning'),
(6, 'Damir', 'Kurtanovic', 'Afternoon'),
(7, 'Tom', 'Hopkins', 'Morning'),
(8, 'Max', 'Jameson', 'Afternoon'),
(9, 'Kem', 'Wake', 'Morning'),
(10, 'Derrik', 'Jerome', 'Afternoon');

# OrderStats table
INSERT INTO `tblOrderStats` (`OrderStatsID`, `DriverID`, `ParcelsDelivered`, `Dates`) VALUES
(1, 1, 8, '2021-01-01' ),
(2, 1, 5, '2021-01-02' ),
(3, 1, 6, '2021-01-03' ),
(4, 1, 10, '2021-01-04' ),
(5, 1, 4, '2021-01-05' ),
(6, 1, 6, '2021-01-06' ),
(7, 1, 17, '2021-01-07' ),

(8, 2, 10, '2021-01-01' ),
(9, 2, 7, '2021-01-02' ),
(10, 2, 6, '2021-01-03' ),
(11, 2, 11, '2021-01-04' ),
(12, 2, 3, '2021-01-05' ),
(13, 2, 25, '2021-01-06' ),
(14, 2, 15, '2021-01-07' ),

(15, 3, 5, '2021-01-01' ),
(16, 3, 7, '2021-01-02' ),
(17, 3, 8, '2021-01-03' ),
(18, 3, 11, '2021-01-04' ),
(19, 3, 3, '2021-01-05' ),
(20, 3, 6, '2021-01-06' ),
(21, 3, 9, '2021-01-07' ),

(22, 4, 3, '2021-01-01' ),
(23, 4, 5, '2021-01-02' ),
(24, 4, 8, '2021-01-03' ),
(25, 4, 9, '2021-01-04' ),
(26, 4, 4, '2021-01-05' ),
(27, 4, 6, '2021-01-06' ),
(28, 4, 10, '2021-01-07' ),

(29, 5, 6, '2021-01-01' ),
(30, 5, 4, '2021-01-02' ),
(31, 5, 3, '2021-01-03' ),
(32, 5, 2, '2021-01-04' ),
(33, 5, 6, '2021-01-05' ),
(34, 5, 8, '2021-01-06' ),
(35, 5, 12, '2021-01-07' ),

(36, 6, 3, '2021-01-01' ),
(37, 6, 15, '2021-01-02' ),
(38, 6, 2, '2021-01-03' ),
(39, 6, 17, '2021-01-04' ),
(40, 6, 4, '2021-01-05' ),
(41, 6, 7, '2021-01-06' ),
(42, 6, 8, '2021-01-07' ),

(43, 7, 8, '2021-01-01' ),
(44, 7, 7, '2021-01-02' ),
(45, 7, 22, '2021-01-03' ),
(46, 7, 5, '2021-01-04' ),
(47, 7, 7, '2021-01-05' ),
(48, 7, 14, '2021-01-06' ),
(49, 7, 22, '2021-01-07' ),

(50, 8, 5, '2021-01-01' ),
(51, 8, 8, '2021-01-02' ),
(52, 8, 6, '2021-01-03' ),
(53, 8, 11, '2021-01-04' ),
(54, 8, 4, '2021-01-05' ),
(55, 8, 18, '2021-01-06' ),
(56, 8, 9, '2021-01-07' ),

(57, 9, 5, '2021-01-01' ),
(58, 9, 9, '2021-01-02' ),
(59, 9, 8, '2021-01-03' ),
(60, 9, 18, '2021-01-04' ),
(61, 9, 9, '2021-01-05' ),
(62, 9, 6, '2021-01-06' ),
(63, 9, 15, '2021-01-07' ),

(64, 10, 5, '2021-01-01' ),
(65, 10, 6, '2021-01-02' ),
(66, 10, 8, '2021-01-03' ),
(67, 10, 21, '2021-01-04' ),
(68, 10, 4, '2021-01-05' ),
(69, 10, 6, '2021-01-06' ),
(70, 10, 17, '2021-01-07' );


# Vans table
INSERT INTO `tblVans` (`VanID`, `RegPlate`) VALUES
(1, 'DE01 ZML'),
(2, 'NG22 BDE'),
(3, 'LN12 TSE'),
(4, 'YK05 APM'),
(5, 'CW05 SDM');


# Locations table
INSERT INTO `tblLocations` (`LocationID`, `DriverID`, `VanID`, `Street`, `Postcode`, `Timing`) VALUES

(1, 1, 1, 'Westfield Drive', 'DE7 8GF', '2021-01-01 08:00:00'),
(2, 1, 1, 'Checker Close', 'DE7 6BG', '2021-01-01 09:00:00'),
(3, 1, 1, 'Barley Close', 'DE7 2FX', '2021-01-01 10:00:00'),
(4, 1, 1, 'Ascot Way', 'DE7 6BG', '2021-01-01 11:00:00'),
(5, 2, 1, 'Westfield Drive', 'DE7 8GF', '2021-01-01 12:00:00'),
(6, 2, 1, 'Devron Way', 'DE7 8BF', '2021-01-01 13:00:00'),
(7, 2, 1, 'Summerfield Close', 'DE7 2FS', '2021-01-01 14:00:00'),
(8, 2, 1, 'Baker Street', 'DE7 5DW', '2021-01-01 15:00:00'),
(9, 2, 1, 'Westfield Drive', 'DE7 8GF', '2021-01-01 16:00:00'),

(10, 3, 2, 'Westfield Drive', 'DE7 8GF', '2021-01-01 08:00:00'),
(11, 3, 2, 'Aaron Drive', 'DE7 8BN', '2021-01-01 09:00:00'),
(12, 3, 2, 'Turner Way', 'DE7 6YG', '2021-01-01 10:00:00'),
(13, 3, 2, 'Amazon Close', 'DE7 1JB', '2021-01-01 11:00:00'),
(14, 4, 2, 'Westfield Drive', 'DE7 8GF', '2021-01-01 12:00:00'),
(15, 4, 2, 'Alfie Way', 'DE7 1AQ', '2021-01-01 13:00:00'),
(16, 4, 2, 'Summerfield Way', 'DE7 2DW', '2021-01-01 14:00:00'),
(17, 4, 2, 'Crib Street', 'DE7 9FG', '2021-01-01 15:00:00'),
(18, 4, 2, 'Westfield Drive', 'DE7 8GF', '2021-01-01 16:00:00'),

(19, 5, 3, 'Westfield Drive', 'DE7 8GF', '2021-01-01 08:00:00'),
(20, 5, 3, 'Alfie Way', 'DE7 1AQ', '2021-01-01 09:00:00'),
(21, 5, 3, 'Turner Way', 'DE7 6YG', '2021-01-01 10:00:00'),
(22, 5, 3, 'Amazon Close', 'DE7 1JB', '2021-01-01 11:00:00'),
(23, 6, 3, 'Westfield Drive', 'DE7 8GF', '2021-01-01 12:00:00'),
(24, 6, 3, 'Alfie Way', 'DE7 1AQ', '2021-01-01 13:00:00'),
(25, 6, 3, 'Ascot Way', 'DE7 6BG', '2021-01-01 14:00:00'),
(26, 6, 3, 'Devron Street', 'DE7 9XG', '2021-01-01 15:00:00'),
(27, 6, 3, 'Westfield Drive', 'DE7 8GF', '2021-01-01 16:00:00'),

(28, 7, 4, 'Westfield Drive', 'DE7 8GF', '2021-01-01 08:00:00'),
(29, 7, 4, 'Checker Way', 'DE7 3BJ', '2021-01-01 09:00:00'),
(30, 7, 4, 'Mil-Acre Close', 'DE7 9JP', '2021-01-01 10:00:00'),
(31, 7, 4, 'Mascot Way', 'DE7 5XY', '2021-01-01 11:00:00'),
(32, 8, 4, 'Westfield Drive', 'DE7 8GF', '2021-01-01 12:00:00'),
(33, 8, 4, 'Vernon Street', 'DE7 4FK', '2021-01-01 13:00:00'),
(34, 8, 4, 'Winterfield WAY', 'DE7 2XK', '2021-01-01 14:00:00'),
(35, 8, 4, 'Chef Close', 'DE7 5MC', '2021-01-01 15:00:00'),
(36, 8, 4, 'Westfield Drive', 'DE7 8GF', '2021-01-01 16:00:00'),

(37, 9, 5, 'Westfield Drive', 'DE7 8GF', '2021-01-01 08:00:00'),
(38, 9, 5, 'Chess Way', 'DE7 3KG', '2021-01-01 09:00:00'),
(39, 9, 5, 'Dunder Drive', 'DE7 9ML', '2021-01-01 10:00:00'),
(40, 9, 5, 'Miflin Way', 'DE7 5PP', '2021-01-01 11:00:00'),
(41, 10, 5, 'Westfield Drive', 'DE7 8GF', '2021-01-01 12:00:00'),
(42, 10, 5, 'Verona Street', 'DE7 6KI', '2021-01-01 13:00:00'),
(43, 10, 5, 'Autumfield WAY', 'DE7 2SD', '2021-01-01 14:00:00'),
(44, 10, 5, 'Mater Close', 'DE7 4FF', '2021-01-01 15:00:00'),
(45, 10, 5, 'Westfield Drive', 'DE7 8GF', '2021-01-01 16:00:00'),


(46, 3, 1, 'Westfield Drive', 'DE7 8GF', '2021-01-02 08:00:00'),
(47, 3, 1, 'Checker Close', 'DE7 6BG', '2021-01-02 09:00:00'),
(48, 3, 1, 'Barley Close', 'DE7 2FX', '2021-01-02 10:00:00'),
(49, 3, 1, 'Ascot Way', 'DE7 6BG', '2021-01-02 11:00:00'),
(50, 4, 1, 'Westfield Drive', 'DE7 8GF', '2021-01-02 12:00:00'),
(51, 4, 1, 'Devron Way', 'DE7 8BF', '2021-01-02 13:00:00'),
(52, 4, 1, 'Summerfield Close', 'DE7 2FS', '2021-01-02 14:00:00'),
(53, 4, 1, 'Baker Street', 'DE7 5DW', '2021-01-02 15:00:00'),
(54, 4, 1, 'Westfield Drive', 'DE7 8GF', '2021-01-02 16:00:00'),

(55, 5, 2, 'Westfield Drive', 'DE7 8GF', '2021-01-02 08:00:00'),
(56, 5, 2, 'Aaron Drive', 'DE7 8BN', '2021-01-02 09:00:00'),
(57, 5, 2, 'Turner Way', 'DE7 6YG', '2021-01-02 10:00:00'),
(58, 5, 2, 'Amazon Close', 'DE7 1JB', '2021-01-02 11:00:00'),
(59, 6, 2, 'Westfield Drive', 'DE7 8GF', '2021-01-02 12:00:00'),
(60, 6, 2, 'Alfie Way', 'DE7 1AQ', '2021-01-02 13:00:00'),
(61, 6, 2, 'Summerfield Way', 'DE7 2DW', '2021-01-02 14:00:00'),
(62, 6, 2, 'Crib Street', 'DE7 9FG', '2021-01-02 15:00:00'),
(63, 6, 2, 'Westfield Drive', 'DE7 8GF', '2021-01-02 16:00:00'),

(64, 7, 3, 'Westfield Drive', 'DE7 8GF', '2021-01-02 08:00:00'),
(65, 7, 3, 'Alfie Way', 'DE7 1AQ', '2021-01-02 09:00:00'),
(66, 7, 3, 'Turner Way', 'DE7 6YG', '2021-01-02 10:00:00'),
(67, 7, 3, 'Amazon Close', 'DE7 1JB', '2021-01-02 11:00:00'),
(68, 8, 3, 'Westfield Drive', 'DE7 8GF', '2021-01-02 12:00:00'),
(69, 8, 3, 'Alfie Way', 'DE7 1AQ', '2021-01-02 13:00:00'),
(70, 8, 3, 'Ascot Way', 'DE7 6BG', '2021-01-02 14:00:00'),
(71, 8, 3, 'Devron Street', 'DE7 9XG', '2021-01-02 15:00:00'),
(72, 8, 3, 'Westfield Drive', 'DE7 8GF', '2021-01-02 16:00:00'),

(73, 9, 4, 'Westfield Drive', 'DE7 8GF', '2021-01-02 08:00:00'),
(74, 9, 4, 'Checker Way', 'DE7 3BJ', '2021-01-02 09:00:00'),
(75, 9, 4, 'Mil-Acre Close', 'DE7 9JP', '2021-01-02 10:00:00'),
(76, 9, 4, 'Mascot Way', 'DE7 5XY', '2021-01-02 11:00:00'),
(77, 10, 4, 'Westfield Drive', 'DE7 8GF', '2021-01-02 12:00:00'),
(78, 10, 4, 'Vernon Street', 'DE7 4FK', '2021-01-02 13:00:00'),
(79, 10, 4, 'Winterfield WAY', 'DE7 2XK', '2021-01-02 14:00:00'),
(80, 10, 4, 'Chef Close', 'DE7 5MC', '2021-01-02 15:00:00'),
(81, 10, 4, 'Westfield Drive', 'DE7 8GF', '2021-01-02 16:00:00'),

(82, 1, 5, 'Westfield Drive', 'DE7 8GF', '2021-01-02 08:00:00'),
(83, 1, 5, 'Chess Way', 'DE7 3KG', '2021-01-02 09:00:00'),
(84, 1, 5, 'Dunder Drive', 'DE7 9ML', '2021-01-02 10:00:00'),
(85, 1, 5, 'Miflin Way', 'DE7 5PP', '2021-01-02 11:00:00'),
(86, 2, 5, 'Westfield Drive', 'DE7 8GF', '2021-01-02 12:00:00'),
(87, 2, 5, 'Verona Street', 'DE7 6KI', '2021-01-02 13:00:00'),
(88, 2, 5, 'Autumfield WAY', 'DE7 2SD', '2021-01-02 14:00:00'),
(89, 2, 5, 'Mater Close', 'DE7 4FF', '2021-01-02 15:00:00'),
(90, 2, 5, 'Westfield Drive', 'DE7 8GF', '2021-01-02 16:00:00'),


(91, 5, 1, 'Westfield Drive', 'DE7 8GF', '2021-01-03 08:00:00'),
(92, 5, 1, 'Checker Close', 'DE7 6BG', '2021-01-03 09:00:00'),
(93, 5, 1, 'Barley Close', 'DE7 2FX', '2021-01-03 10:00:00'),
(94, 5, 1, 'Ascot Way', 'DE7 6BG', '2021-01-03 11:00:00'),
(95, 6, 1, 'Westfield Drive', 'DE7 8GF', '2021-01-03 12:00:00'),
(96, 6, 1, 'Devron Way', 'DE7 8BF', '2021-01-03 13:00:00'),
(97, 6, 1, 'Summerfield Close', 'DE7 2FS', '2021-01-03 14:00:00'),
(98, 6, 1, 'Baker Street', 'DE7 5DW', '2021-01-03 15:00:00'),
(99, 6, 1, 'Westfield Drive', 'DE7 8GF', '2021-01-03 16:00:00'),

(100, 7, 2, 'Westfield Drive', 'DE7 8GF', '2021-01-03 08:00:00'),
(101, 7, 2, 'Aaron Drive', 'DE7 8BN', '2021-01-03 09:00:00'),
(102, 7, 2, 'Turner Way', 'DE7 6YG', '2021-01-03 10:00:00'),
(103, 7, 2, 'Amazon Close', 'DE7 1JB', '2021-01-03 11:00:00'),
(104, 8, 2, 'Westfield Drive', 'DE7 8GF', '2021-01-03 12:00:00'),
(105, 8, 2, 'Alfie Way', 'DE7 1AQ', '2021-01-03 13:00:00'),
(106, 8, 2, 'Summerfield Way', 'DE7 2DW', '2021-01-03 14:00:00'),
(107, 8, 2, 'Crib Street', 'DE7 9FG', '2021-01-03 15:00:00'),
(108, 8, 2, 'Westfield Drive', 'DE7 8GF', '2021-01-03 16:00:00'),

(109, 9, 3, 'Westfield Drive', 'DE7 8GF', '2021-01-03 08:00:00'),
(110, 9, 3, 'Alfie Way', 'DE7 1AQ', '2021-01-03 09:00:00'),
(111, 9, 3, 'Turner Way', 'DE7 6YG', '2021-01-03 10:00:00'),
(112, 9, 3, 'Amazon Close', 'DE7 1JB', '2021-01-03 11:00:00'),
(113, 10, 3, 'Westfield Drive', 'DE7 8GF', '2021-01-03 12:00:00'),
(114, 10, 3, 'Alfie Way', 'DE7 1AQ', '2021-01-03 13:00:00'),
(115, 10, 3, 'Ascot Way', 'DE7 6BG', '2021-01-03 14:00:00'),
(116, 10, 3, 'Devron Street', 'DE7 9XG', '2021-01-03 15:00:00'),
(117, 10, 3, 'Westfield Drive', 'DE7 8GF', '2021-01-03 16:00:00'),

(118, 1, 4, 'Westfield Drive', 'DE7 8GF', '2021-01-03 08:00:00'),
(119, 1, 4, 'Checker Way', 'DE7 3BJ', '2021-01-03 09:00:00'),
(120, 1, 4, 'Mil-Acre Close', 'DE7 9JP', '2021-01-03 10:00:00'),
(121, 1, 4, 'Mascot Way', 'DE7 5XY', '2021-01-03 11:00:00'),
(122, 2, 4, 'Westfield Drive', 'DE7 8GF', '2021-01-03 12:00:00'),
(123, 2, 4, 'Vernon Street', 'DE7 4FK', '2021-01-03 13:00:00'),
(124, 2, 4, 'Winterfield WAY', 'DE7 2XK', '2021-01-03 14:00:00'),
(125, 2, 4, 'Chef Close', 'DE7 5MC', '2021-01-03 15:00:00'),
(126, 2, 4, 'Westfield Drive', 'DE7 8GF', '2021-01-03 16:00:00'),

(127, 3, 5, 'Westfield Drive', 'DE7 8GF', '2021-01-03 08:00:00'),
(128, 3, 5, 'Chess Way', 'DE7 3KG', '2021-01-03 09:00:00'),
(129, 3, 5, 'Dunder Drive', 'DE7 9ML', '2021-01-03 10:00:00'),
(130, 3, 5, 'Miflin Way', 'DE7 5PP', '2021-01-03 11:00:00'),
(131, 4, 5, 'Westfield Drive', 'DE7 8GF', '2021-01-03 12:00:00'),
(132, 4, 5, 'Verona Street', 'DE7 6KI', '2021-01-03 13:00:00'),
(133, 4, 5, 'Autumfield WAY', 'DE7 2SD', '2021-01-03 14:00:00'),
(134, 4, 5, 'Mater Close', 'DE7 4FF', '2021-01-03 15:00:00'),
(135, 4, 5, 'Westfield Drive', 'DE7 8GF', '2021-01-03 16:00:00'),


(136, 7, 1, 'Westfield Drive', 'DE7 8GF', '2021-01-04 08:00:00'),
(137, 7, 1, 'Checker Close', 'DE7 6BG', '2021-01-04 09:00:00'),
(138, 7, 1, 'Barley Close', 'DE7 2FX', '2021-01-04 10:00:00'),
(139, 7, 1, 'Ascot Way', 'DE7 6BG', '2021-01-04 11:00:00'),
(140, 8, 1, 'Westfield Drive', 'DE7 8GF', '2021-01-04 12:00:00'),
(141, 8, 1, 'Devron Way', 'DE7 8BF', '2021-01-04 13:00:00'),
(142, 8, 1, 'Summerfield Close', 'DE7 2FS', '2021-01-04 14:00:00'),
(143, 8, 1, 'Baker Street', 'DE7 5DW', '2021-01-04 15:00:00'),
(144, 8, 1, 'Westfield Drive', 'DE7 8GF', '2021-01-04 16:00:00'),

(145, 9, 2, 'Westfield Drive', 'DE7 8GF', '2021-01-04 08:00:00'),
(146, 9, 2, 'Aaron Drive', 'DE7 8BN', '2021-01-04 09:00:00'),
(147, 9, 2, 'Turner Way', 'DE7 6YG', '2021-01-04 10:00:00'),
(148, 9, 2, 'Amazon Close', 'DE7 1JB', '2021-01-04 11:00:00'),
(149, 9, 2, 'Westfield Drive', 'DE7 8GF', '2021-01-04 12:00:00'),
(150, 10, 2, 'Alfie Way', 'DE7 1AQ', '2021-01-04 13:00:00'),
(151, 10, 2, 'Summerfield Way', 'DE7 2DW', '2021-01-04 14:00:00'),
(152, 10, 2, 'Crib Street', 'DE7 9FG', '2021-01-04 15:00:00'),
(153, 10, 2, 'Westfield Drive', 'DE7 8GF', '2021-01-04 16:00:00'),

(154, 1, 3, 'Westfield Drive', 'DE7 8GF', '2021-01-04 08:00:00'),
(155, 1, 3, 'Alfie Way', 'DE7 1AQ', '2021-01-04 09:00:00'),
(156, 1, 3, 'Turner Way', 'DE7 6YG', '2021-01-04 10:00:00'),
(157, 1, 3, 'Amazon Close', 'DE7 1JB', '2021-01-04 11:00:00'),
(158, 2, 3, 'Westfield Drive', 'DE7 8GF', '2021-01-04 12:00:00'),
(159, 2, 3, 'Alfie Way', 'DE7 1AQ', '2021-01-04 13:00:00'),
(160, 2, 3, 'Ascot Way', 'DE7 6BG', '2021-01-04 14:00:00'),
(161, 2, 3, 'Devron Street', 'DE7 9XG', '2021-01-04 15:00:00'),
(162, 2, 3, 'Westfield Drive', 'DE7 8GF', '2021-01-04 16:00:00'),

(163, 3, 4, 'Westfield Drive', 'DE7 8GF', '2021-01-04 08:00:00'),
(164, 3, 4, 'Checker Way', 'DE7 3BJ', '2021-01-04 09:00:00'),
(165, 3, 4, 'Mil-Acre Close', 'DE7 9JP', '2021-01-04 10:00:00'),
(166, 3, 4, 'Mascot Way', 'DE7 5XY', '2021-01-04 11:00:00'),
(167, 4, 4, 'Westfield Drive', 'DE7 8GF', '2021-01-04 12:00:00'),
(168, 4, 4, 'Vernon Street', 'DE7 4FK', '2021-01-04 13:00:00'),
(169, 4, 4, 'Winterfield WAY', 'DE7 2XK', '2021-01-04 14:00:00'),
(170, 4, 4, 'Chef Close', 'DE7 5MC', '2021-01-04 15:00:00'),
(171, 4, 4, 'Westfield Drive', 'DE7 8GF', '2021-01-04 16:00:00'),

(172, 5, 5, 'Westfield Drive', 'DE7 8GF', '2021-01-04 08:00:00'),
(173, 5, 5, 'Chess Way', 'DE7 3KG', '2021-01-04 09:00:00'),
(174, 5, 5, 'Dunder Drive', 'DE7 9ML', '2021-01-04 10:00:00'),
(175, 5, 5, 'Miflin Way', 'DE7 5PP', '2021-01-04 11:00:00'),
(176, 6, 5, 'Westfield Drive', 'DE7 8GF', '2021-01-04 12:00:00'),
(178, 6, 5, 'Verona Street', 'DE7 6KI', '2021-01-04 13:00:00'),
(179, 6, 5, 'Autumfield WAY', 'DE7 2SD', '2021-01-04 14:00:00'),
(180, 6, 5, 'Mater Close', 'DE7 4FF', '2021-01-04 15:00:00'),
(181, 6, 5, 'Westfield Drive', 'DE7 8GF', '2021-01-04 16:00:00'),


(182, 9, 1, 'Westfield Drive', 'DE7 8GF', '2021-01-05 08:00:00'),
(183, 9, 1, 'Checker Close', 'DE7 6BG', '2021-01-05 09:00:00'),
(184, 9, 1, 'Barley Close', 'DE7 2FX', '2021-01-05 10:00:00'),
(185, 9, 1, 'Ascot Way', 'DE7 6BG', '2021-01-05 11:00:00'),
(186, 10, 1, 'Westfield Drive', 'DE7 8GF', '2021-01-05 12:00:00'),
(187, 10, 1, 'Devron Way', 'DE7 8BF', '2021-01-05 13:00:00'),
(188, 10, 1, 'Summerfield Close', 'DE7 2FS', '2021-01-05 14:00:00'),
(189, 10, 1, 'Baker Street', 'DE7 5DW', '2021-01-05 15:00:00'),
(190, 10, 1, 'Westfield Drive', 'DE7 8GF', '2021-01-05 16:00:00'),

(191, 1, 2, 'Westfield Drive', 'DE7 8GF', '2021-01-05 08:00:00'),
(192, 1, 2, 'Aaron Drive', 'DE7 8BN', '2021-01-05 09:00:00'),
(193, 1, 2, 'Turner Way', 'DE7 6YG', '2021-01-05 10:00:00'),
(194, 1, 2, 'Amazon Close', 'DE7 1JB', '2021-01-05 11:00:00'),
(195, 2, 2, 'Westfield Drive', 'DE7 8GF', '2021-01-05 12:00:00'),
(196, 2, 2, 'Alfie Way', 'DE7 1AQ', '2021-01-05 13:00:00'),
(197, 2, 2, 'Summerfield Way', 'DE7 2DW', '2021-01-05 14:00:00'),
(198, 2, 2, 'Crib Street', 'DE7 9FG', '2021-01-05 15:00:00'),
(199, 2, 2, 'Westfield Drive', 'DE7 8GF', '2021-01-05 16:00:00'),

(200, 3, 3, 'Westfield Drive', 'DE7 8GF', '2021-01-05 08:00:00'),
(201, 3, 3, 'Alfie Way', 'DE7 1AQ', '2021-01-05 09:00:00'),
(202, 3, 3, 'Turner Way', 'DE7 6YG', '2021-01-05 10:00:00'),
(203, 3, 3, 'Amazon Close', 'DE7 1JB', '2021-01-05 11:00:00'),
(204, 4, 3, 'Westfield Drive', 'DE7 8GF', '2021-01-05 12:00:00'),
(205, 4, 3, 'Alfie Way', 'DE7 1AQ', '2021-01-05 13:00:00'),
(206, 4, 3, 'Ascot Way', 'DE7 6BG', '2021-01-05 14:00:00'),
(207, 4, 3, 'Devron Street', 'DE7 9XG', '2021-01-05 15:00:00'),
(208, 4, 3, 'Westfield Drive', 'DE7 8GF', '2021-01-05 16:00:00'),

(209, 5, 4, 'Westfield Drive', 'DE7 8GF', '2021-01-05 08:00:00'),
(210, 5, 4, 'Checker Way', 'DE7 3BJ', '2021-01-05 09:00:00'),
(211, 5, 4, 'Mil-Acre Close', 'DE7 9JP', '2021-01-05 10:00:00'),
(212, 5, 4, 'Mascot Way', 'DE7 5XY', '2021-01-05 11:00:00'),
(213, 6, 4, 'Westfield Drive', 'DE7 8GF', '2021-01-05 12:00:00'),
(214, 6, 4, 'Vernon Street', 'DE7 4FK', '2021-01-05 13:00:00'),
(215, 6, 4, 'Winterfield WAY', 'DE7 2XK', '2021-01-05 14:00:00'),
(216, 6, 4, 'Chef Close', 'DE7 5MC', '2021-01-05 15:00:00'),
(217, 6, 4, 'Westfield Drive', 'DE7 8GF', '2021-01-05 16:00:00'),

(218, 7, 5, 'Westfield Drive', 'DE7 8GF', '2021-01-05 08:00:00'),
(219, 7, 5, 'Chess Way', 'DE7 3KG', '2021-01-05 09:00:00'),
(220, 7, 5, 'Dunder Drive', 'DE7 9ML', '2021-01-05 10:00:00'),
(221, 7, 5, 'Miflin Way', 'DE7 5PP', '2021-01-05 11:00:00'),
(222, 8, 5, 'Westfield Drive', 'DE7 8GF', '2021-01-05 12:00:00'),
(223, 8, 5, 'Verona Street', 'DE7 6KI', '2021-01-05 13:00:00'),
(224, 8, 5, 'Autumfield WAY', 'DE7 2SD', '2021-01-05 14:00:00'),
(225, 8, 5, 'Mater Close', 'DE7 4FF', '2021-01-05 15:00:00'),
(226, 8, 5, 'Westfield Drive', 'DE7 8GF', '2021-01-05 16:00:00'),


(227, 1, 1, 'Westfield Drive', 'DE7 8GF', '2021-01-06 08:00:00'),
(228, 1, 1, 'Checker Close', 'DE7 6BG', '2021-01-06 09:00:00'),
(229, 1, 1, 'Barley Close', 'DE7 2FX', '2021-01-06 10:00:00'),
(230, 1, 1, 'Ascot Way', 'DE7 6BG', '2021-01-06 11:00:00'),
(231, 2, 1, 'Westfield Drive', 'DE7 8GF', '2021-01-06 12:00:00'),
(232, 2, 1, 'Devron Way', 'DE7 8BF', '2021-01-06 13:00:00'),
(234, 2, 1, 'Summerfield Close', 'DE7 2FS', '2021-01-06 14:00:00'),
(235, 2, 1, 'Baker Street', 'DE7 5DW', '2021-01-06 15:00:00'),
(236, 2, 1, 'Westfield Drive', 'DE7 8GF', '2021-01-06 16:00:00'),

(237, 3, 2, 'Westfield Drive', 'DE7 8GF', '2021-01-06 08:00:00'),
(238, 3, 2, 'Aaron Drive', 'DE7 8BN', '2021-01-06 09:00:00'),
(239, 3, 2, 'Turner Way', 'DE7 6YG', '2021-01-06 10:00:00'),
(240, 3, 2, 'Amazon Close', 'DE7 1JB', '2021-01-06 11:00:00'),
(241, 4, 2, 'Westfield Drive', 'DE7 8GF', '2021-01-06 12:00:00'),
(242, 4, 2, 'Alfie Way', 'DE7 1AQ', '2021-01-06 13:00:00'),
(243, 4, 2, 'Summerfield Way', 'DE7 2DW', '2021-01-06 14:00:00'),
(244, 4, 2, 'Crib Street', 'DE7 9FG', '2021-01-06 15:00:00'),
(245, 4, 2, 'Westfield Drive', 'DE7 8GF', '2021-01-06 16:00:00'),

(246, 5, 3, 'Westfield Drive', 'DE7 8GF', '2021-01-06 08:00:00'),
(247, 5, 3, 'Alfie Way', 'DE7 1AQ', '2021-01-06 09:00:00'),
(248, 5, 3, 'Turner Way', 'DE7 6YG', '2021-01-06 10:00:00'),
(249, 5, 3, 'Amazon Close', 'DE7 1JB', '2021-01-06 11:00:00'),
(250, 6, 3, 'Westfield Drive', 'DE7 8GF', '2021-01-06 12:00:00'),
(251, 6, 3, 'Alfie Way', 'DE7 1AQ', '2021-01-06 13:00:00'),
(252, 6, 3, 'Ascot Way', 'DE7 6BG', '2021-01-06 14:00:00'),
(253, 6, 3, 'Devron Street', 'DE7 9XG', '2021-01-06 15:00:00'),
(254, 6, 3, 'Westfield Drive', 'DE7 8GF', '2021-01-06 16:00:00'),

(255, 7, 4, 'Westfield Drive', 'DE7 8GF', '2021-01-06 08:00:00'),
(256, 7, 4, 'Checker Way', 'DE7 3BJ', '2021-01-06 09:00:00'),
(257, 7, 4, 'Mil-Acre Close', 'DE7 9JP', '2021-01-06 10:00:00'),
(258, 7, 4, 'Mascot Way', 'DE7 5XY', '2021-01-06 11:00:00'),
(259, 8, 4, 'Westfield Drive', 'DE7 8GF', '2021-01-06 12:00:00'),
(260, 8, 4, 'Vernon Street', 'DE7 4FK', '2021-01-06 13:00:00'),
(261, 8, 4, 'Winterfield WAY', 'DE7 2XK', '2021-01-06 14:00:00'),
(262, 8, 4, 'Chef Close', 'DE7 5MC', '2021-01-06 15:00:00'),
(263, 8, 4, 'Westfield Drive', 'DE7 8GF', '2021-01-06 16:00:00'),

(264, 9, 5, 'Westfield Drive', 'DE7 8GF', '2021-01-06 08:00:00'),
(265, 9, 5, 'Chess Way', 'DE7 3KG', '2021-01-06 09:00:00'),
(266, 9, 5, 'Dunder Drive', 'DE7 9ML', '2021-01-06 10:00:00'),
(267, 9, 5, 'Miflin Way', 'DE7 5PP', '2021-01-06 11:00:00'),
(268, 10, 5, 'Westfield Drive', 'DE7 8GF', '2021-01-06 12:00:00'),
(269, 10, 5, 'Verona Street', 'DE7 6KI', '2021-01-06 13:00:00'),
(270, 10, 5, 'Autumfield WAY', 'DE7 2SD', '2021-01-06 14:00:00'),
(271, 10, 5, 'Mater Close', 'DE7 4FF', '2021-01-06 15:00:00'),
(272, 10, 5, 'Westfield Drive', 'DE7 8GF', '2021-01-06 16:00:00'),


(273, 3, 1, 'Westfield Drive', 'DE7 8GF', '2021-01-07 08:00:00'),
(274, 3, 1, 'Checker Close', 'DE7 6BG', '2021-01-07 09:00:00'),
(275, 3, 1, 'Barley Close', 'DE7 2FX', '2021-01-07 10:00:00'),
(276, 3, 1, 'Ascot Way', 'DE7 6BG', '2021-01-07 11:00:00'),
(277, 4, 1, 'Westfield Drive', 'DE7 8GF', '2021-01-07 12:00:00'),
(278, 4, 1, 'Devron Way', 'DE7 8BF', '2021-01-07 13:00:00'),
(279, 4, 1, 'Summerfield Close', 'DE7 2FS', '2021-01-07 14:00:00'),
(280, 4, 1, 'Baker Street', 'DE7 5DW', '2021-01-07 15:00:00'),
(281, 4, 1, 'Westfield Drive', 'DE7 8GF', '2021-01-07 16:00:00'),

(282, 5, 2, 'Westfield Drive', 'DE7 8GF', '2021-01-07 08:00:00'),
(283, 5, 2, 'Aaron Drive', 'DE7 8BN', '2021-01-07 09:00:00'),
(284, 5, 2, 'Turner Way', 'DE7 6YG', '2021-01-07 10:00:00'),
(285, 5, 2, 'Amazon Close', 'DE7 1JB', '2021-01-07 11:00:00'),
(286, 6, 2, 'Westfield Drive', 'DE7 8GF', '2021-01-07 12:00:00'),
(287, 6, 2, 'Alfie Way', 'DE7 1AQ', '2021-01-07 13:00:00'),
(288, 6, 2, 'Summerfield Way', 'DE7 2DW', '2021-01-07 14:00:00'),
(289, 6, 2, 'Crib Street', 'DE7 9FG', '2021-01-07 15:00:00'),
(290, 6, 2, 'Westfield Drive', 'DE7 8GF', '2021-01-07 16:00:00'),

(291, 7, 3, 'Westfield Drive', 'DE7 8GF', '2021-01-07 08:00:00'),
(292, 7, 3, 'Alfie Way', 'DE7 1AQ', '2021-01-07 09:00:00'),
(293, 7, 3, 'Turner Way', 'DE7 6YG', '2021-01-07 10:00:00'),
(294, 7, 3, 'Amazon Close', 'DE7 1JB', '2021-01-07 11:00:00'),
(295, 8, 3, 'Westfield Drive', 'DE7 8GF', '2021-01-07 12:00:00'),
(296, 8, 3, 'Alfie Way', 'DE7 1AQ', '2021-01-07 13:00:00'),
(297, 8, 3, 'Ascot Way', 'DE7 6BG', '2021-01-07 14:00:00'),
(298, 8, 3, 'Devron Street', 'DE7 9XG', '2021-01-07 15:00:00'),
(299, 8, 3, 'Westfield Drive', 'DE7 8GF', '2021-01-07 16:00:00'),

(300, 9, 4, 'Westfield Drive', 'DE7 8GF', '2021-01-07 08:00:00'),
(301, 9, 4, 'Checker Way', 'DE7 3BJ', '2021-01-07 09:00:00'),
(302, 9, 4, 'Mil-Acre Close', 'DE7 9JP', '2021-01-07 10:00:00'),
(303, 9, 4, 'Mascot Way', 'DE7 5XY', '2021-01-07 11:00:00'),
(304, 10, 4, 'Westfield Drive', 'DE7 8GF', '2021-01-07 12:00:00'),
(305, 10, 4, 'Vernon Street', 'DE7 4FK', '2021-01-07 13:00:00'),
(306, 10, 4, 'Winterfield WAY', 'DE7 2XK', '2021-01-07 14:00:00'),
(307, 10, 4, 'Chef Close', 'DE7 5MC', '2021-01-07 15:00:00'),
(309, 10, 4, 'Westfield Drive', 'DE7 8GF', '2021-01-07 16:00:00'),

(310, 1, 5, 'Westfield Drive', 'DE7 8GF', '2021-01-07 08:00:00'),
(311, 1, 5, 'Chess Way', 'DE7 3KG', '2021-01-07 09:00:00'),
(312, 1, 5, 'Dunder Drive', 'DE7 9ML', '2021-01-07 10:00:00'),
(313, 1, 5, 'Miflin Way', 'DE7 5PP', '2021-01-07 11:00:00'),
(314, 2, 5, 'Westfield Drive', 'DE7 8GF', '2021-01-07 12:00:00'),
(315, 2, 5, 'Verona Street', 'DE7 6KI', '2021-01-07 13:00:00'),
(316, 2, 5, 'Autumfield WAY', 'DE7 2SD', '2021-01-07 14:00:00'),
(317, 2, 5, 'Mater Close', 'DE7 4FF', '2021-01-07 15:00:00'),
(318, 2, 5, 'Westfield Drive', 'DE7 8GF', '2021-01-07 16:00:00');

























